{"nodes": [{"color": "#4b4b4bff", "radius": 17.0, "id": 1, "overcolor": "#666666ff", "name": "FOOD PRODUCTION"}, {"color": "#4b4b4bff", "radius": 17.0, "id": 2, "overcolor": "#666666ff", "name": "URBAN LAND"}, {"color": "#4b4b4bff", "radius": 17.0, "id": 3, "overcolor": "#666666ff", "name": "AGRICULTURAL LAND"}, {"color": "#4b4b4bff", "radius": 17.0, "id": 4, "overcolor": "#666666ff", "name": "PROPERTY TAX"}, {"color": "#4b4b4bff", "radius": 24.041630560342618, "id": 5, "overcolor": "#666666ff", "name": "CITIES"}, {"color": "#4b4b4bff", "radius": 17.0, "id": 6, "overcolor": "#666666ff", "name": "AGRICULTURE"}, {"color": "#4b4b4bff", "radius": 17.0, "id": 7, "overcolor": "#666666ff", "name": "ENERGY RESOURCES"}, {"color": "#4b4b4bff", "radius": 17.0, "id": 8, "overcolor": "#666666ff", "name": "PASSENGER TRANSPORT"}, {"color": "#ff0000ff", "radius": 15.0, "id": 9, "overcolor": "#ff0000ff", "name": "Goal 1"}, {"color": "#c68c00ff", "radius": 15.0, "id": 10, "overcolor": "#c68c00ff", "name": "Goal 12"}, {"color": "#ff9b00ff", "radius": 47.434164902525694, "id": 11, "overcolor": "#ff9b00ff", "name": "Goal 11"}, {"color": "#af003cff", "radius": 15.0, "id": 12, "overcolor": "#af003cff", "name": "Goal 8"}, {"color": "#ffc600ff", "radius": 30.0, "id": 13, "overcolor": "#ffc600ff", "name": "Goal 7"}, {"color": "#003366ff", "radius": 15.0, "id": 14, "overcolor": "#003366ff", "name": "Goal 17"}, {"color": "#347321ff", "radius": 15.0, "id": 15, "overcolor": "#347321ff", "name": "Goal 13"}], "links": [{"source_id": 9, "target_id": 5}, {"source_id": 9, "target_id": 6}, {"source_id": 10, "target_id": 1}, {"source_id": 10, "target_id": 7}, {"source_id": 11, "target_id": 5}, {"source_id": 11, "target_id": 6}, {"source_id": 12, "target_id": 1}, {"source_id": 12, "target_id": 7}, {"source_id": 13, "target_id": 7}, {"source_id": 14, "target_id": 4}, {"source_id": 15, "target_id": 5}]}