{"nodes": [{"color": "#4b4b4bff", "radius": 41.641325627314025, "id": 1, "overcolor": "#666666ff", "name": "FOOD PRODUCTION"}, {"color": "#4b4b4bff", "radius": 24.041630560342618, "id": 2, "overcolor": "#666666ff", "name": "URBAN LAND"}, {"color": "#4b4b4bff", "radius": 17.0, "id": 3, "overcolor": "#666666ff", "name": "AGRICULTURAL LAND"}, {"color": "#4b4b4bff", "radius": 17.0, "id": 4, "overcolor": "#666666ff", "name": "PROPERTY TAX"}, {"color": "#4b4b4bff", "radius": 96.16652224137047, "id": 5, "overcolor": "#666666ff", "name": "CITIES"}, {"color": "#4b4b4bff", "radius": 24.041630560342618, "id": 6, "overcolor": "#666666ff", "name": "AGRICULTURE"}, {"color": "#4b4b4bff", "radius": 51.0, "id": 7, "overcolor": "#666666ff", "name": "ENERGY RESOURCES"}, {"color": "#4b4b4bff", "radius": 34.0, "id": 8, "overcolor": "#666666ff", "name": "PASSENGER TRANSPORT"}, {"color": "#4b4b4bff", "radius": 17.0, "id": 9, "overcolor": "#666666ff", "name": "SEMANTIC WEB"}, {"color": "#4b4b4bff", "radius": 17.0, "id": 10, "overcolor": "#666666ff", "name": "INTERNET"}, {"color": "#4b4b4bff", "radius": 56.382621436041795, "id": 11, "overcolor": "#666666ff", "name": "TECHNOLOGY"}, {"color": "#4b4b4bff", "radius": 44.977772288098045, "id": 12, "overcolor": "#666666ff", "name": "SEA"}, {"color": "#4b4b4bff", "radius": 34.0, "id": 13, "overcolor": "#666666ff", "name": "CLIMATE CHANGE"}, {"color": "#4b4b4bff", "radius": 34.0, "id": 14, "overcolor": "#666666ff", "name": "CARBON DIOXIDE"}, {"color": "#4b4b4bff", "radius": 17.0, "id": 15, "overcolor": "#666666ff", "name": "PORTS"}, {"color": "#4b4b4bff", "radius": 17.0, "id": 16, "overcolor": "#666666ff", "name": "AIRPORT"}, {"color": "#4b4b4bff", "radius": 17.0, "id": 17, "overcolor": "#666666ff", "name": "MENTAL STRESS"}, {"color": "#4b4b4bff", "radius": 17.0, "id": 18, "overcolor": "#666666ff", "name": "OCEAN"}, {"color": "#4b4b4bff", "radius": 41.641325627314025, "id": 19, "overcolor": "#666666ff", "name": "WATER"}, {"color": "#4b4b4bff", "radius": 17.0, "id": 20, "overcolor": "#666666ff", "name": "EDUCATION"}, {"color": "#4b4b4bff", "radius": 17.0, "id": 21, "overcolor": "#666666ff", "name": "BASIC NEEDS"}, {"color": "#4b4b4bff", "radius": 17.0, "id": 22, "overcolor": "#666666ff", "name": "SANITATION"}, {"color": "#4b4b4bff", "radius": 24.041630560342618, "id": 23, "overcolor": "#666666ff", "name": "HEAT"}, {"color": "#4b4b4bff", "radius": 17.0, "id": 24, "overcolor": "#666666ff", "name": "WATER POLLUTION"}, {"color": "#4b4b4bff", "radius": 17.0, "id": 25, "overcolor": "#666666ff", "name": "POLLUTION CONTROL"}, {"color": "#4b4b4bff", "radius": 29.444863728670914, "id": 26, "overcolor": "#666666ff", "name": "BIOLOGICAL DIVERSITY"}, {"color": "#4b4b4bff", "radius": 29.444863728670914, "id": 27, "overcolor": "#666666ff", "name": "BIODIVERSITY"}, {"color": "#4b4b4bff", "radius": 17.0, "id": 28, "overcolor": "#666666ff", "name": "CIVIL SOCIETY"}, {"color": "#4b4b4bff", "radius": 17.0, "id": 29, "overcolor": "#666666ff", "name": "VEGETATION"}, {"color": "#4b4b4bff", "radius": 38.01315561749642, "id": 30, "overcolor": "#666666ff", "name": "ENGINEERING"}, {"color": "#4b4b4bff", "radius": 34.0, "id": 31, "overcolor": "#666666ff", "name": "URBAN AREA"}, {"color": "#4b4b4bff", "radius": 44.977772288098045, "id": 32, "overcolor": "#666666ff", "name": "LAND"}, {"color": "#4b4b4bff", "radius": 17.0, "id": 33, "overcolor": "#666666ff", "name": "GREENHOUSE GAS"}, {"color": "#4b4b4bff", "radius": 17.0, "id": 34, "overcolor": "#666666ff", "name": "NATURAL GAS"}, {"color": "#4b4b4bff", "radius": 17.0, "id": 35, "overcolor": "#666666ff", "name": "GLOBAL WARMING"}, {"color": "#4b4b4bff", "radius": 17.0, "id": 36, "overcolor": "#666666ff", "name": "SEALING"}, {"color": "#4b4b4bff", "radius": 17.0, "id": 37, "overcolor": "#666666ff", "name": "SOLAR ENERGY"}, {"color": "#4b4b4bff", "radius": 17.0, "id": 38, "overcolor": "#666666ff", "name": "ENERGY USE"}, {"color": "#4b4b4bff", "radius": 17.0, "id": 39, "overcolor": "#666666ff", "name": "SOIL CONDITIONING"}, {"color": "#4b4b4bff", "radius": 17.0, "id": 40, "overcolor": "#666666ff", "name": "TOOL INDUSTRY"}, {"color": "#4b4b4bff", "radius": 17.0, "id": 41, "overcolor": "#666666ff", "name": "CIRCULAR ECONOMY"}, {"color": "#4b4b4bff", "radius": 29.444863728670914, "id": 42, "overcolor": "#666666ff", "name": "PRODUCTION"}, {"color": "#4b4b4bff", "radius": 24.041630560342618, "id": 43, "overcolor": "#666666ff", "name": "DIGITAL TECHNOLOGY"}, {"color": "#4b4b4bff", "radius": 29.444863728670914, "id": 44, "overcolor": "#666666ff", "name": "HOUSING"}, {"color": "#4b4b4bff", "radius": 17.0, "id": 45, "overcolor": "#666666ff", "name": "COMPUTER"}, {"color": "#4b4b4bff", "radius": 17.0, "id": 46, "overcolor": "#666666ff", "name": "HEALTH POLICY"}, {"color": "#4b4b4bff", "radius": 24.041630560342618, "id": 47, "overcolor": "#666666ff", "name": "WASTE"}, {"color": "#4b4b4bff", "radius": 24.041630560342618, "id": 48, "overcolor": "#666666ff", "name": "NATURAL RESOURCES"}, {"color": "#4b4b4bff", "radius": 17.0, "id": 49, "overcolor": "#666666ff", "name": "COPPER"}, {"color": "#4b4b4bff", "radius": 17.0, "id": 50, "overcolor": "#666666ff", "name": "ZINC"}, {"color": "#4b4b4bff", "radius": 17.0, "id": 51, "overcolor": "#666666ff", "name": "INNOVATION"}, {"color": "#4b4b4bff", "radius": 17.0, "id": 52, "overcolor": "#666666ff", "name": "LAKE"}, {"color": "#4b4b4bff", "radius": 17.0, "id": 53, "overcolor": "#666666ff", "name": "INTEREST"}, {"color": "#4b4b4bff", "radius": 29.444863728670914, "id": 54, "overcolor": "#666666ff", "name": "ARCHITECTURE"}, {"color": "#4b4b4bff", "radius": 17.0, "id": 55, "overcolor": "#666666ff", "name": "SOCIAL MEDIA"}, {"color": "#ff0000ff", "radius": 21.213203435596427, "id": 56, "overcolor": "#ff0000ff", "name": "Goal 1"}, {"color": "#c68c00ff", "radius": 49.749371855331, "id": 57, "overcolor": "#c68c00ff", "name": "Goal 12"}, {"color": "#ff9b00ff", "radius": 47.434164902525694, "id": 58, "overcolor": "#ff9b00ff", "name": "Goal 11"}, {"color": "#fc8720ff", "radius": 33.54101966249685, "id": 59, "overcolor": "#fc8720ff", "name": "Goal 9"}, {"color": "#af003cff", "radius": 15.0, "id": 60, "overcolor": "#af003cff", "name": "Goal 8"}, {"color": "#fcd420ff", "radius": 30.0, "id": 61, "overcolor": "#fcd420ff", "name": "Goal 7"}, {"color": "#003366ff", "radius": 25.980762113533157, "id": 62, "overcolor": "#003366ff", "name": "Goal 17"}, {"color": "#fc2020ff", "radius": 42.42640687119285, "id": 63, "overcolor": "#fc2020ff", "name": "Goal 6"}, {"color": "#427faaff", "radius": 15.0, "id": 64, "overcolor": "#427faaff", "name": "Goal 16"}, {"color": "#af003cff", "radius": 15.0, "id": 65, "overcolor": "#af003cff", "name": "Goal 5"}, {"color": "#993333ff", "radius": 15.0, "id": 66, "overcolor": "#993333ff", "name": "Goal 4"}, {"color": "#00c900ff", "radius": 51.96152422706631, "id": 67, "overcolor": "#00c900ff", "name": "Goal 15"}, {"color": "#20c9fcff", "radius": 47.434164902525694, "id": 68, "overcolor": "#20c9fcff", "name": "Goal 14"}, {"color": "1ba03eff", "radius": 21.213203435596427, "id": 69, "overcolor": "1ba03eff", "name": "Goal 3"}, {"color": "#347321ff", "radius": 33.54101966249685, "id": 70, "overcolor": "#347321ff", "name": "Goal 13"}, {"color": "#e4a800ff", "radius": 25.980762113533157, "id": 71, "overcolor": "#e4a800ff", "name": "Goal 2"}], "links": [{"source_id": 56, "target_id": 18}, {"source_id": 56, "target_id": 19}, {"source_id": 56, "target_id": 24}, {"source_id": 56, "target_id": 52}, {"source_id": 56, "target_id": 22}, {"source_id": 56, "target_id": 47}, {"source_id": 56, "target_id": 5}, {"source_id": 56, "target_id": 31}, {"source_id": 56, "target_id": 13}, {"source_id": 56, "target_id": 35}, {"source_id": 56, "target_id": 15}, {"source_id": 56, "target_id": 16}, {"source_id": 56, "target_id": 44}, {"source_id": 56, "target_id": 54}, {"source_id": 56, "target_id": 6}, {"source_id": 57, "target_id": 1}, {"source_id": 57, "target_id": 42}, {"source_id": 57, "target_id": 34}, {"source_id": 57, "target_id": 7}, {"source_id": 57, "target_id": 14}, {"source_id": 57, "target_id": 18}, {"source_id": 57, "target_id": 23}, {"source_id": 57, "target_id": 37}, {"source_id": 57, "target_id": 38}, {"source_id": 57, "target_id": 48}, {"source_id": 57, "target_id": 49}, {"source_id": 57, "target_id": 50}, {"source_id": 58, "target_id": 5}, {"source_id": 58, "target_id": 31}, {"source_id": 58, "target_id": 6}, {"source_id": 58, "target_id": 15}, {"source_id": 58, "target_id": 16}, {"source_id": 58, "target_id": 44}, {"source_id": 58, "target_id": 54}, {"source_id": 58, "target_id": 20}, {"source_id": 58, "target_id": 46}, {"source_id": 58, "target_id": 13}, {"source_id": 58, "target_id": 35}, {"source_id": 58, "target_id": 14}, {"source_id": 58, "target_id": 24}, {"source_id": 58, "target_id": 25}, {"source_id": 58, "target_id": 33}, {"source_id": 58, "target_id": 34}, {"source_id": 58, "target_id": 22}, {"source_id": 58, "target_id": 47}, {"source_id": 59, "target_id": 11}, {"source_id": 59, "target_id": 17}, {"source_id": 59, "target_id": 22}, {"source_id": 59, "target_id": 30}, {"source_id": 59, "target_id": 40}, {"source_id": 59, "target_id": 43}, {"source_id": 59, "target_id": 47}, {"source_id": 59, "target_id": 51}, {"source_id": 59, "target_id": 15}, {"source_id": 59, "target_id": 16}, {"source_id": 59, "target_id": 8}, {"source_id": 59, "target_id": 13}, {"source_id": 59, "target_id": 35}, {"source_id": 59, "target_id": 14}, {"source_id": 59, "target_id": 24}, {"source_id": 59, "target_id": 25}, {"source_id": 59, "target_id": 33}, {"source_id": 59, "target_id": 34}, {"source_id": 60, "target_id": 1}, {"source_id": 60, "target_id": 42}, {"source_id": 60, "target_id": 7}, {"source_id": 60, "target_id": 14}, {"source_id": 60, "target_id": 18}, {"source_id": 60, "target_id": 23}, {"source_id": 60, "target_id": 34}, {"source_id": 60, "target_id": 37}, {"source_id": 60, "target_id": 38}, {"source_id": 60, "target_id": 48}, {"source_id": 60, "target_id": 49}, {"source_id": 60, "target_id": 50}, {"source_id": 61, "target_id": 7}, {"source_id": 61, "target_id": 23}, {"source_id": 61, "target_id": 34}, {"source_id": 61, "target_id": 37}, {"source_id": 61, "target_id": 38}, {"source_id": 62, "target_id": 9}, {"source_id": 62, "target_id": 10}, {"source_id": 62, "target_id": 55}, {"source_id": 62, "target_id": 15}, {"source_id": 62, "target_id": 16}, {"source_id": 62, "target_id": 43}, {"source_id": 62, "target_id": 4}, {"source_id": 63, "target_id": 18}, {"source_id": 63, "target_id": 19}, {"source_id": 63, "target_id": 24}, {"source_id": 63, "target_id": 52}, {"source_id": 63, "target_id": 22}, {"source_id": 63, "target_id": 47}, {"source_id": 63, "target_id": 46}, {"source_id": 64, "target_id": 15}, {"source_id": 64, "target_id": 16}, {"source_id": 64, "target_id": 38}, {"source_id": 64, "target_id": 41}, {"source_id": 64, "target_id": 53}, {"source_id": 64, "target_id": 28}, {"source_id": 66, "target_id": 20}, {"source_id": 66, "target_id": 45}, {"source_id": 66, "target_id": 18}, {"source_id": 66, "target_id": 19}, {"source_id": 66, "target_id": 24}, {"source_id": 66, "target_id": 52}, {"source_id": 66, "target_id": 22}, {"source_id": 66, "target_id": 47}, {"source_id": 66, "target_id": 9}, {"source_id": 66, "target_id": 10}, {"source_id": 66, "target_id": 55}, {"source_id": 67, "target_id": 2}, {"source_id": 67, "target_id": 3}, {"source_id": 67, "target_id": 29}, {"source_id": 67, "target_id": 32}, {"source_id": 67, "target_id": 39}, {"source_id": 67, "target_id": 26}, {"source_id": 67, "target_id": 27}, {"source_id": 67, "target_id": 18}, {"source_id": 67, "target_id": 19}, {"source_id": 67, "target_id": 24}, {"source_id": 67, "target_id": 52}, {"source_id": 68, "target_id": 12}, {"source_id": 68, "target_id": 18}, {"source_id": 68, "target_id": 36}, {"source_id": 68, "target_id": 26}, {"source_id": 69, "target_id": 21}, {"source_id": 69, "target_id": 46}, {"source_id": 69, "target_id": 14}, {"source_id": 69, "target_id": 24}, {"source_id": 69, "target_id": 25}, {"source_id": 69, "target_id": 33}, {"source_id": 69, "target_id": 34}, {"source_id": 69, "target_id": 18}, {"source_id": 69, "target_id": 19}, {"source_id": 69, "target_id": 52}, {"source_id": 69, "target_id": 22}, {"source_id": 69, "target_id": 47}, {"source_id": 70, "target_id": 5}, {"source_id": 70, "target_id": 31}, {"source_id": 70, "target_id": 13}, {"source_id": 70, "target_id": 35}, {"source_id": 70, "target_id": 15}, {"source_id": 70, "target_id": 16}, {"source_id": 70, "target_id": 44}, {"source_id": 70, "target_id": 54}, {"source_id": 71, "target_id": 15}, {"source_id": 71, "target_id": 16}, {"source_id": 71, "target_id": 38}, {"source_id": 71, "target_id": 41}, {"source_id": 71, "target_id": 53}, {"source_id": 71, "target_id": 1}]}