{"nodes": [{"color": "#4b4b4bff", "radius": 38.01315561749642, "id": 1, "overcolor": "#666666ff", "name": "LAND"}, {"color": "#4b4b4bff", "radius": 24.041630560342618, "id": 2, "overcolor": "#666666ff", "name": "CITIES"}, {"color": "#4b4b4bff", "radius": 17.0, "id": 3, "overcolor": "#666666ff", "name": "TECHNOLOGY"}, {"color": "#4b4b4bff", "radius": 24.041630560342618, "id": 4, "overcolor": "#666666ff", "name": "PASSENGER TRANSPORT"}, {"color": "#4b4b4bff", "radius": 17.0, "id": 5, "overcolor": "#666666ff", "name": "SOCIAL MEDIA"}, {"color": "#4b4b4bff", "radius": 17.0, "id": 6, "overcolor": "#666666ff", "name": "WASTE"}, {"color": "#ff0000ff", "radius": 15.0, "id": 7, "overcolor": "#ff0000ff", "name": "Goal 1"}, {"color": "#ff9b00ff", "radius": 47.434164902525694, "id": 8, "overcolor": "#ff9b00ff", "name": "Goal 11"}, {"color": "#fc8720ff", "radius": 15.0, "id": 9, "overcolor": "#fc8720ff", "name": "Goal 9"}, {"color": "#fc2020ff", "radius": 15.0, "id": 10, "overcolor": "#fc2020ff", "name": "Goal 6"}, {"color": "#00c900ff", "radius": 51.96152422706631, "id": 11, "overcolor": "#00c900ff", "name": "Goal 15"}, {"color": "#347321ff", "radius": 15.0, "id": 12, "overcolor": "#347321ff", "name": "Goal 13"}], "links": [{"source_id": 7, "target_id": 2}, {"source_id": 8, "target_id": 2}, {"source_id": 8, "target_id": 6}, {"source_id": 10, "target_id": 6}, {"source_id": 11, "target_id": 1}, {"source_id": 12, "target_id": 2}]}