{"nodes": [{"color": "#4b4b4bff", "radius": 24.041630560342618, "id": 1, "overcolor": "#666666ff", "name": "CARBON DIOXIDE"}, {"color": "#4b4b4bff", "radius": 17.0, "id": 2, "overcolor": "#666666ff", "name": "WASTE"}, {"color": "#4b4b4bff", "radius": 17.0, "id": 3, "overcolor": "#666666ff", "name": "PRODUCTION"}, {"color": "#4b4b4bff", "radius": 24.041630560342618, "id": 4, "overcolor": "#666666ff", "name": "ENERGY RESOURCES"}, {"color": "#4b4b4bff", "radius": 24.041630560342618, "id": 5, "overcolor": "#666666ff", "name": "NATURAL RESOURCES"}, {"color": "#4b4b4bff", "radius": 17.0, "id": 6, "overcolor": "#666666ff", "name": "COPPER"}, {"color": "#4b4b4bff", "radius": 17.0, "id": 7, "overcolor": "#666666ff", "name": "ZINC"}, {"color": "#4b4b4bff", "radius": 17.0, "id": 8, "overcolor": "#666666ff", "name": "TECHNOLOGY"}, {"color": "#c68c00ff", "radius": 15.0, "id": 9, "overcolor": "#c68c00ff", "name": "Goal 12"}, {"color": "#ff9b00ff", "radius": 15.0, "id": 10, "overcolor": "#ff9b00ff", "name": "Goal 11"}, {"color": "#fc8720ff", "radius": 21.213203435596427, "id": 11, "overcolor": "#fc8720ff", "name": "Goal 9"}, {"color": "#af003cff", "radius": 15.0, "id": 12, "overcolor": "#af003cff", "name": "Goal 8"}, {"color": "#fcd420ff", "radius": 30.0, "id": 13, "overcolor": "#fcd420ff", "name": "Goal 7"}, {"color": "#fc2020ff", "radius": 15.0, "id": 14, "overcolor": "#fc2020ff", "name": "Goal 6"}, {"color": "1ba03eff", "radius": 15.0, "id": 15, "overcolor": "1ba03eff", "name": "Goal 3"}], "links": [{"source_id": 9, "target_id": 1}, {"source_id": 9, "target_id": 4}, {"source_id": 9, "target_id": 5}, {"source_id": 9, "target_id": 6}, {"source_id": 9, "target_id": 7}, {"source_id": 9, "target_id": 3}, {"source_id": 10, "target_id": 1}, {"source_id": 11, "target_id": 1}, {"source_id": 12, "target_id": 1}, {"source_id": 12, "target_id": 4}, {"source_id": 12, "target_id": 5}, {"source_id": 12, "target_id": 6}, {"source_id": 12, "target_id": 7}, {"source_id": 12, "target_id": 3}, {"source_id": 13, "target_id": 4}, {"source_id": 14, "target_id": 2}, {"source_id": 15, "target_id": 1}]}