{"nodes": [{"color": "#4b4b4bff", "radius": 17.0, "id": 1, "overcolor": "#666666ff", "name": "CIRCULAR ECONOMY"}, {"color": "#4b4b4bff", "radius": 17.0, "id": 2, "overcolor": "#666666ff", "name": "PRODUCTION"}, {"color": "#4b4b4bff", "radius": 17.0, "id": 3, "overcolor": "#666666ff", "name": "DIGITAL TECHNOLOGY"}, {"color": "#4b4b4bff", "radius": 24.041630560342618, "id": 4, "overcolor": "#666666ff", "name": "CITIES"}, {"color": "#4b4b4bff", "radius": 29.444863728670914, "id": 5, "overcolor": "#666666ff", "name": "HOUSING"}, {"color": "#4b4b4bff", "radius": 17.0, "id": 6, "overcolor": "#666666ff", "name": "COMPUTER"}, {"color": "#ff0000ff", "radius": 15.0, "id": 7, "overcolor": "#ff0000ff", "name": "Goal 1"}, {"color": "#ff9b00ff", "radius": 47.434164902525694, "id": 8, "overcolor": "#ff9b00ff", "name": "Goal 11"}, {"color": "#347321ff", "radius": 15.0, "id": 9, "overcolor": "#347321ff", "name": "Goal 13"}], "links": [{"source_id": 7, "target_id": 4}, {"source_id": 7, "target_id": 5}, {"source_id": 8, "target_id": 4}, {"source_id": 8, "target_id": 5}, {"source_id": 9, "target_id": 4}, {"source_id": 9, "target_id": 5}]}