{"nodes": [{"color": "#ff9b00ff", "radius": 90, "id": 1, "overcolor": "#ff9b00ff", "name": "SDG_11"}, {"color": "#4b4b4bff", "radius": 30, "id": 2, "overcolor": "#666666ff", "name": "Urban density"}, {"color": "#4b4b4bff", "radius": 30, "id": 3, "overcolor": "#666666ff", "name": "Building"}, {"color": "#4b4b4bff", "radius": 30, "id": 4, "overcolor": "#666666ff", "name": "Urban design"}, {"color": "#1ba03eff", "radius": 30, "id": 5, "overcolor": "#1ba03eff", "name": "SDG_3"}, {"color": "#4b4b4bff", "radius": 30, "id": 6, "overcolor": "#666666ff", "name": "Cognition"}], "links": [{"source_id": 1, "target_id": 2}, {"source_id": 1, "target_id": 3}, {"source_id": 1, "target_id": 4}, {"source_id": 5, "target_id": 6}]}