{"nodes": [{"color": "#4b4b4bff", "radius": 17.0, "id": 1, "overcolor": "#666666ff", "name": "DIGITAL TECHNOLOGY"}, {"color": "#4b4b4bff", "radius": 17.0, "id": 2, "overcolor": "#666666ff", "name": "INTEREST"}, {"color": "#4b4b4bff", "radius": 29.444863728670914, "id": 3, "overcolor": "#666666ff", "name": "ARCHITECTURE"}, {"color": "#4b4b4bff", "radius": 17.0, "id": 4, "overcolor": "#666666ff", "name": "TECHNOLOGY"}, {"color": "#4b4b4bff", "radius": 17.0, "id": 5, "overcolor": "#666666ff", "name": "ENGINEERING"}, {"color": "#4b4b4bff", "radius": 17.0, "id": 6, "overcolor": "#666666ff", "name": "PRODUCTION"}, {"color": "#ff0000ff", "radius": 15.0, "id": 7, "overcolor": "#ff0000ff", "name": "Goal 1"}, {"color": "#ff9b00ff", "radius": 15.0, "id": 8, "overcolor": "#ff9b00ff", "name": "Goal 11"}, {"color": "#fc8720ff", "radius": 15.0, "id": 9, "overcolor": "#fc8720ff", "name": "Goal 9"}, {"color": "#347321ff", "radius": 15.0, "id": 10, "overcolor": "#347321ff", "name": "Goal 13"}], "links": [{"source_id": 7, "target_id": 3}, {"source_id": 8, "target_id": 3}, {"source_id": 9, "target_id": 1}, {"source_id": 9, "target_id": 4}, {"source_id": 9, "target_id": 5}, {"source_id": 10, "target_id": 3}]}