{"nodes": [{"color": "#ff9b00ff", "radius": 60, "id": 1, "overcolor": "#ff9b00ff", "name": "SDG_11"}, {"color": "#4b4b4bff", "radius": 30, "id": 2, "overcolor": "#666666ff", "name": "Urban planning"}, {"color": "#4b4b4bff", "radius": 30, "id": 3, "overcolor": "#666666ff", "name": "Building"}, {"color": "#fcd420ff", "radius": 30, "id": 4, "overcolor": "#fcd420ff", "name": "SDG_7"}, {"color": "#4b4b4bff", "radius": 30, "id": 5, "overcolor": "#666666ff", "name": "Location"}, {"color": "#427faaff", "radius": 30, "id": 6, "overcolor": "#427faaff", "name": "SDG_16"}, {"color": "#4b4b4bff", "radius": 30, "id": 7, "overcolor": "#666666ff", "name": "Government"}], "links": [{"source_id": 1, "target_id": 2}, {"source_id": 1, "target_id": 3}, {"source_id": 4, "target_id": 5}, {"source_id": 6, "target_id": 7}]}