{"nodes": [{"color": "#4b4b4bff", "radius": 29.444863728670914, "id": 1, "overcolor": "#666666ff", "name": "CITIES"}, {"color": "#4b4b4bff", "radius": 17.0, "id": 2, "overcolor": "#666666ff", "name": "INNOVATION"}, {"color": "#4b4b4bff", "radius": 17.0, "id": 3, "overcolor": "#666666ff", "name": "LAKE"}, {"color": "#ff0000ff", "radius": 21.213203435596427, "id": 4, "overcolor": "#ff0000ff", "name": "Goal 1"}, {"color": "#ff9b00ff", "radius": 47.434164902525694, "id": 5, "overcolor": "#ff9b00ff", "name": "Goal 11"}, {"color": "#993333ff", "radius": 15.0, "id": 6, "overcolor": "#993333ff", "name": "Goal 4"}, {"color": "#00c900ff", "radius": 15.0, "id": 7, "overcolor": "#00c900ff", "name": "Goal 15"}, {"color": "1ba03eff", "radius": 15.0, "id": 8, "overcolor": "1ba03eff", "name": "Goal 3"}, {"color": "#347321ff", "radius": 15.0, "id": 9, "overcolor": "#347321ff", "name": "Goal 13"}], "links": [{"source_id": 4, "target_id": 3}, {"source_id": 4, "target_id": 1}, {"source_id": 5, "target_id": 1}, {"source_id": 6, "target_id": 3}, {"source_id": 9, "target_id": 1}]}