{"nodes": [{"color": "#ff9b00ff", "radius": 180, "id": 1, "overcolor": "#ff9b00ff", "name": "SDG_11"}, {"color": "#4b4b4bff", "radius": 30, "id": 2, "overcolor": "#666666ff", "name": "Human settlement"}, {"color": "#4b4b4bff", "radius": 30, "id": 3, "overcolor": "#666666ff", "name": "Urban climate"}, {"color": "#4b4b4bff", "radius": 30, "id": 4, "overcolor": "#666666ff", "name": "Urban land"}, {"color": "#4b4b4bff", "radius": 30, "id": 5, "overcolor": "#666666ff", "name": "Urban planning"}, {"color": "#4b4b4bff", "radius": 30, "id": 6, "overcolor": "#666666ff", "name": "Land-use planning"}, {"color": "#4b4b4bff", "radius": 30, "id": 7, "overcolor": "#666666ff", "name": "Sustainable urbanization"}, {"color": "#e4a800ff", "radius": 30, "id": 8, "overcolor": "#e4a800ff", "name": "SDG_2"}, {"color": "#4b4b4bff", "radius": 30, "id": 9, "overcolor": "#666666ff", "name": "Biodiversity"}, {"color": "#1ba03eff", "radius": 30, "id": 10, "overcolor": "#1ba03eff", "name": "SDG_3"}, {"color": "#4b4b4bff", "radius": 30, "id": 11, "overcolor": "#666666ff", "name": "Biodiversity"}], "links": [{"source_id": 1, "target_id": 2}, {"source_id": 1, "target_id": 3}, {"source_id": 1, "target_id": 4}, {"source_id": 1, "target_id": 5}, {"source_id": 1, "target_id": 6}, {"source_id": 1, "target_id": 7}, {"source_id": 8, "target_id": 9}, {"source_id": 10, "target_id": 11}]}