{"nodes": [{"color": "#4b4b4bff", "radius": 44.977772288098045, "id": 1, "overcolor": "#666666ff", "name": "CITIES"}, {"color": "#4b4b4bff", "radius": 24.041630560342618, "id": 2, "overcolor": "#666666ff", "name": "BIOLOGICAL DIVERSITY"}, {"color": "#4b4b4bff", "radius": 24.041630560342618, "id": 3, "overcolor": "#666666ff", "name": "BIODIVERSITY"}, {"color": "#4b4b4bff", "radius": 17.0, "id": 4, "overcolor": "#666666ff", "name": "URBAN LAND"}, {"color": "#4b4b4bff", "radius": 17.0, "id": 5, "overcolor": "#666666ff", "name": "HEALTH POLICY"}, {"color": "#ff0000ff", "radius": 15.0, "id": 6, "overcolor": "#ff0000ff", "name": "Goal 1"}, {"color": "#ff9b00ff", "radius": 47.434164902525694, "id": 7, "overcolor": "#ff9b00ff", "name": "Goal 11"}, {"color": "#00c900ff", "radius": 36.74234614174767, "id": 8, "overcolor": "#00c900ff", "name": "Goal 15"}, {"color": "#347321ff", "radius": 15.0, "id": 9, "overcolor": "#347321ff", "name": "Goal 13"}], "links": [{"source_id": 6, "target_id": 1}, {"source_id": 7, "target_id": 1}, {"source_id": 7, "target_id": 5}, {"source_id": 8, "target_id": 2}, {"source_id": 8, "target_id": 3}, {"source_id": 8, "target_id": 4}, {"source_id": 9, "target_id": 1}]}