{"nodes": [{"color": "#ff9b00ff", "radius": 90, "id": 1, "overcolor": "#ff9b00ff", "name": "SDG_11"}, {"color": "#4b4b4bff", "radius": 30, "id": 2, "overcolor": "#666666ff", "name": "Building"}, {"color": "#4b4b4bff", "radius": 30, "id": 3, "overcolor": "#666666ff", "name": "Land use"}, {"color": "#4b4b4bff", "radius": 30, "id": 4, "overcolor": "#666666ff", "name": "Urban sustainability"}, {"color": "#00c900ff", "radius": 60, "id": 5, "overcolor": "#00c900ff", "name": "SDG_15"}, {"color": "#4b4b4bff", "radius": 30, "id": 6, "overcolor": "#666666ff", "name": "Ecosystem services"}, {"color": "#4b4b4bff", "radius": 30, "id": 7, "overcolor": "#666666ff", "name": "Land use"}, {"color": "#e4a800ff", "radius": 30, "id": 8, "overcolor": "#e4a800ff", "name": "SDG_2"}, {"color": "#4b4b4bff", "radius": 30, "id": 9, "overcolor": "#666666ff", "name": "Land use"}], "links": [{"source_id": 1, "target_id": 2}, {"source_id": 1, "target_id": 3}, {"source_id": 1, "target_id": 4}, {"source_id": 5, "target_id": 6}, {"source_id": 5, "target_id": 7}, {"source_id": 8, "target_id": 9}]}