{"nodes": [{"color": "#4b4b4bff", "radius": 24.041630560342618, "id": 1, "overcolor": "#666666ff", "name": "CITIES"}, {"color": "#4b4b4bff", "radius": 17.0, "id": 2, "overcolor": "#666666ff", "name": "URBAN AREA"}, {"color": "#4b4b4bff", "radius": 17.0, "id": 3, "overcolor": "#666666ff", "name": "AGRICULTURE"}, {"color": "#4b4b4bff", "radius": 17.0, "id": 4, "overcolor": "#666666ff", "name": "LAND"}, {"color": "#ff0000ff", "radius": 15.0, "id": 5, "overcolor": "#ff0000ff", "name": "Goal 1"}, {"color": "#ff9b00ff", "radius": 47.434164902525694, "id": 6, "overcolor": "#ff9b00ff", "name": "Goal 11"}, {"color": "#347321ff", "radius": 15.0, "id": 7, "overcolor": "#347321ff", "name": "Goal 13"}], "links": [{"source_id": 5, "target_id": 1}, {"source_id": 5, "target_id": 2}, {"source_id": 5, "target_id": 3}, {"source_id": 6, "target_id": 1}, {"source_id": 6, "target_id": 2}, {"source_id": 6, "target_id": 3}, {"source_id": 7, "target_id": 1}, {"source_id": 7, "target_id": 2}]}