{"nodes": [{"color": "#4b4b4bff", "radius": 41.641325627314025, "id": 1, "overcolor": "#666666ff", "name": "ENERGY RESOURCES"}, {"color": "#4b4b4bff", "radius": 17.0, "id": 2, "overcolor": "#666666ff", "name": "URBAN AREA"}, {"color": "#4b4b4bff", "radius": 34.0, "id": 3, "overcolor": "#666666ff", "name": "CITIES"}, {"color": "#4b4b4bff", "radius": 17.0, "id": 4, "overcolor": "#666666ff", "name": "GREENHOUSE GAS"}, {"color": "#4b4b4bff", "radius": 17.0, "id": 5, "overcolor": "#666666ff", "name": "NATURAL GAS"}, {"color": "#4b4b4bff", "radius": 17.0, "id": 6, "overcolor": "#666666ff", "name": "GLOBAL WARMING"}, {"color": "#4b4b4bff", "radius": 17.0, "id": 7, "overcolor": "#666666ff", "name": "SEALING"}, {"color": "#4b4b4bff", "radius": 29.444863728670914, "id": 8, "overcolor": "#666666ff", "name": "TECHNOLOGY"}, {"color": "#4b4b4bff", "radius": 17.0, "id": 9, "overcolor": "#666666ff", "name": "SOLAR ENERGY"}, {"color": "#4b4b4bff", "radius": 17.0, "id": 10, "overcolor": "#666666ff", "name": "ENERGY USE"}, {"color": "#4b4b4bff", "radius": 24.041630560342618, "id": 11, "overcolor": "#666666ff", "name": "ENGINEERING"}, {"color": "#4b4b4bff", "radius": 17.0, "id": 12, "overcolor": "#666666ff", "name": "SOIL CONDITIONING"}, {"color": "#4b4b4bff", "radius": 17.0, "id": 13, "overcolor": "#666666ff", "name": "TOOL INDUSTRY"}, {"color": "#ff0000ff", "radius": 15.0, "id": 14, "overcolor": "#ff0000ff", "name": "Goal 1"}, {"color": "#c68c00ff", "radius": 15.0, "id": 15, "overcolor": "#c68c00ff", "name": "Goal 12"}, {"color": "#ff9b00ff", "radius": 47.434164902525694, "id": 16, "overcolor": "#ff9b00ff", "name": "Goal 11"}, {"color": "#fc8720ff", "radius": 21.213203435596427, "id": 17, "overcolor": "#fc8720ff", "name": "Goal 9"}, {"color": "#af003cff", "radius": 15.0, "id": 18, "overcolor": "#af003cff", "name": "Goal 8"}, {"color": "#fcd420ff", "radius": 30.0, "id": 19, "overcolor": "#fcd420ff", "name": "Goal 7"}, {"color": "1ba03eff", "radius": 15.0, "id": 20, "overcolor": "1ba03eff", "name": "Goal 3"}, {"color": "#347321ff", "radius": 15.0, "id": 21, "overcolor": "#347321ff", "name": "Goal 13"}], "links": [{"source_id": 14, "target_id": 2}, {"source_id": 14, "target_id": 3}, {"source_id": 14, "target_id": 6}, {"source_id": 15, "target_id": 1}, {"source_id": 15, "target_id": 5}, {"source_id": 15, "target_id": 9}, {"source_id": 15, "target_id": 10}, {"source_id": 16, "target_id": 2}, {"source_id": 16, "target_id": 3}, {"source_id": 16, "target_id": 6}, {"source_id": 16, "target_id": 4}, {"source_id": 16, "target_id": 5}, {"source_id": 17, "target_id": 8}, {"source_id": 17, "target_id": 11}, {"source_id": 17, "target_id": 13}, {"source_id": 17, "target_id": 4}, {"source_id": 17, "target_id": 5}, {"source_id": 17, "target_id": 6}, {"source_id": 18, "target_id": 1}, {"source_id": 18, "target_id": 5}, {"source_id": 18, "target_id": 9}, {"source_id": 18, "target_id": 10}, {"source_id": 19, "target_id": 1}, {"source_id": 19, "target_id": 5}, {"source_id": 19, "target_id": 9}, {"source_id": 19, "target_id": 10}, {"source_id": 20, "target_id": 4}, {"source_id": 20, "target_id": 5}, {"source_id": 21, "target_id": 2}, {"source_id": 21, "target_id": 3}, {"source_id": 21, "target_id": 6}]}