{"nodes": [{"color": "#4b4b4bff", "radius": 29.444863728670914, "id": 1, "overcolor": "#666666ff", "name": "CITIES"}, {"color": "#4b4b4bff", "radius": 17.0, "id": 2, "overcolor": "#666666ff", "name": "BASIC NEEDS"}, {"color": "#4b4b4bff", "radius": 24.041630560342618, "id": 3, "overcolor": "#666666ff", "name": "WATER"}, {"color": "#4b4b4bff", "radius": 17.0, "id": 4, "overcolor": "#666666ff", "name": "SANITATION"}, {"color": "#4b4b4bff", "radius": 38.01315561749642, "id": 5, "overcolor": "#666666ff", "name": "FOOD PRODUCTION"}, {"color": "#4b4b4bff", "radius": 24.041630560342618, "id": 6, "overcolor": "#666666ff", "name": "HEAT"}, {"color": "#4b4b4bff", "radius": 17.0, "id": 7, "overcolor": "#666666ff", "name": "WATER POLLUTION"}, {"color": "#4b4b4bff", "radius": 17.0, "id": 8, "overcolor": "#666666ff", "name": "POLLUTION CONTROL"}, {"color": "#4b4b4bff", "radius": 17.0, "id": 9, "overcolor": "#666666ff", "name": "BIOLOGICAL DIVERSITY"}, {"color": "#4b4b4bff", "radius": 17.0, "id": 10, "overcolor": "#666666ff", "name": "BIODIVERSITY"}, {"color": "#4b4b4bff", "radius": 17.0, "id": 11, "overcolor": "#666666ff", "name": "CLIMATE CHANGE"}, {"color": "#4b4b4bff", "radius": 17.0, "id": 12, "overcolor": "#666666ff", "name": "CIVIL SOCIETY"}, {"color": "#4b4b4bff", "radius": 17.0, "id": 13, "overcolor": "#666666ff", "name": "VEGETATION"}, {"color": "#4b4b4bff", "radius": 24.041630560342618, "id": 14, "overcolor": "#666666ff", "name": "TECHNOLOGY"}, {"color": "#4b4b4bff", "radius": 24.041630560342618, "id": 15, "overcolor": "#666666ff", "name": "ENGINEERING"}, {"color": "#ff0000ff", "radius": 21.213203435596427, "id": 16, "overcolor": "#ff0000ff", "name": "Goal 1"}, {"color": "#c68c00ff", "radius": 49.749371855331, "id": 17, "overcolor": "#c68c00ff", "name": "Goal 12"}, {"color": "#ff9b00ff", "radius": 47.434164902525694, "id": 18, "overcolor": "#ff9b00ff", "name": "Goal 11"}, {"color": "#fc8720ff", "radius": 21.213203435596427, "id": 19, "overcolor": "#fc8720ff", "name": "Goal 9"}, {"color": "#af003cff", "radius": 15.0, "id": 20, "overcolor": "#af003cff", "name": "Goal 8"}, {"color": "#fcd420ff", "radius": 30.0, "id": 21, "overcolor": "#fcd420ff", "name": "Goal 7"}, {"color": "#fc2020ff", "radius": 39.68626966596886, "id": 22, "overcolor": "#fc2020ff", "name": "Goal 6"}, {"color": "#993333ff", "radius": 15.0, "id": 23, "overcolor": "#993333ff", "name": "Goal 4"}, {"color": "#00c900ff", "radius": 15.0, "id": 24, "overcolor": "#00c900ff", "name": "Goal 15"}, {"color": "1ba03eff", "radius": 15.0, "id": 25, "overcolor": "1ba03eff", "name": "Goal 3"}, {"color": "#347321ff", "radius": 15.0, "id": 26, "overcolor": "#347321ff", "name": "Goal 13"}, {"color": "#e4a800ff", "radius": 15.0, "id": 27, "overcolor": "#e4a800ff", "name": "Goal 2"}], "links": [{"source_id": 16, "target_id": 3}, {"source_id": 16, "target_id": 7}, {"source_id": 16, "target_id": 1}, {"source_id": 16, "target_id": 11}, {"source_id": 17, "target_id": 5}, {"source_id": 17, "target_id": 6}, {"source_id": 18, "target_id": 1}, {"source_id": 18, "target_id": 11}, {"source_id": 18, "target_id": 7}, {"source_id": 18, "target_id": 8}, {"source_id": 18, "target_id": 4}, {"source_id": 19, "target_id": 4}, {"source_id": 19, "target_id": 14}, {"source_id": 19, "target_id": 15}, {"source_id": 19, "target_id": 7}, {"source_id": 19, "target_id": 8}, {"source_id": 19, "target_id": 11}, {"source_id": 20, "target_id": 5}, {"source_id": 20, "target_id": 6}, {"source_id": 21, "target_id": 6}, {"source_id": 22, "target_id": 3}, {"source_id": 22, "target_id": 7}, {"source_id": 22, "target_id": 4}, {"source_id": 23, "target_id": 3}, {"source_id": 23, "target_id": 7}, {"source_id": 24, "target_id": 3}, {"source_id": 24, "target_id": 7}, {"source_id": 24, "target_id": 9}, {"source_id": 24, "target_id": 10}, {"source_id": 24, "target_id": 13}, {"source_id": 25, "target_id": 7}, {"source_id": 25, "target_id": 8}, {"source_id": 25, "target_id": 3}, {"source_id": 25, "target_id": 4}, {"source_id": 26, "target_id": 1}, {"source_id": 26, "target_id": 11}, {"source_id": 27, "target_id": 5}]}