{"nodes": [{"color": "#ff9b00ff", "radius": 120, "id": 1, "overcolor": "#ff9b00ff", "name": "SDG_11"}, {"color": "#4b4b4bff", "radius": 30, "id": 2, "overcolor": "#666666ff", "name": "Population growth"}, {"color": "#4b4b4bff", "radius": 30, "id": 3, "overcolor": "#666666ff", "name": "Pedagogy"}, {"color": "#4b4b4bff", "radius": 30, "id": 4, "overcolor": "#666666ff", "name": "City region"}, {"color": "#4b4b4bff", "radius": 30, "id": 5, "overcolor": "#666666ff", "name": "Capacity building"}, {"color": "#fc8720ff", "radius": 30, "id": 6, "overcolor": "#fc8720ff", "name": "SDG_9"}, {"color": "#4b4b4bff", "radius": 30, "id": 7, "overcolor": "#666666ff", "name": "Capacity building"}, {"color": "#993333ff", "radius": 60, "id": 8, "overcolor": "#993333ff", "name": "SDG_4"}, {"color": "#4b4b4bff", "radius": 30, "id": 9, "overcolor": "#666666ff", "name": "Pedagogy"}, {"color": "#4b4b4bff", "radius": 30, "id": 10, "overcolor": "#666666ff", "name": "Education"}], "links": [{"source_id": 1, "target_id": 2}, {"source_id": 1, "target_id": 3}, {"source_id": 1, "target_id": 4}, {"source_id": 1, "target_id": 5}, {"source_id": 6, "target_id": 7}, {"source_id": 8, "target_id": 9}, {"source_id": 8, "target_id": 10}]}