{"nodes": [{"color": "#4b4b4bff", "radius": 44.977772288098045, "id": 1, "overcolor": "#666666ff", "name": "SEA"}, {"color": "#4b4b4bff", "radius": 34.0, "id": 2, "overcolor": "#666666ff", "name": "CITIES"}, {"color": "#4b4b4bff", "radius": 24.041630560342618, "id": 3, "overcolor": "#666666ff", "name": "CLIMATE CHANGE"}, {"color": "#4b4b4bff", "radius": 24.041630560342618, "id": 4, "overcolor": "#666666ff", "name": "CARBON DIOXIDE"}, {"color": "#4b4b4bff", "radius": 17.0, "id": 5, "overcolor": "#666666ff", "name": "PORTS"}, {"color": "#4b4b4bff", "radius": 17.0, "id": 6, "overcolor": "#666666ff", "name": "AIRPORT"}, {"color": "#4b4b4bff", "radius": 17.0, "id": 7, "overcolor": "#666666ff", "name": "MENTAL STRESS"}, {"color": "#4b4b4bff", "radius": 17.0, "id": 8, "overcolor": "#666666ff", "name": "TECHNOLOGY"}, {"color": "#4b4b4bff", "radius": 17.0, "id": 9, "overcolor": "#666666ff", "name": "OCEAN"}, {"color": "#4b4b4bff", "radius": 34.0, "id": 10, "overcolor": "#666666ff", "name": "WATER"}, {"color": "#4b4b4bff", "radius": 17.0, "id": 11, "overcolor": "#666666ff", "name": "EDUCATION"}, {"color": "#ff0000ff", "radius": 21.213203435596427, "id": 12, "overcolor": "#ff0000ff", "name": "Goal 1"}, {"color": "#c68c00ff", "radius": 15.0, "id": 13, "overcolor": "#c68c00ff", "name": "Goal 12"}, {"color": "#ff9b00ff", "radius": 47.434164902525694, "id": 14, "overcolor": "#ff9b00ff", "name": "Goal 11"}, {"color": "#fc8720ff", "radius": 25.980762113533157, "id": 15, "overcolor": "#fc8720ff", "name": "Goal 9"}, {"color": "#af003cff", "radius": 15.0, "id": 16, "overcolor": "#af003cff", "name": "Goal 8"}, {"color": "#fc2020ff", "radius": 42.42640687119285, "id": 17, "overcolor": "#fc2020ff", "name": "Goal 6"}, {"color": "#427faaff", "radius": 15.0, "id": 18, "overcolor": "#427faaff", "name": "Goal 16"}, {"color": "#993333ff", "radius": 15.0, "id": 19, "overcolor": "#993333ff", "name": "Goal 4"}, {"color": "#00c900ff", "radius": 15.0, "id": 20, "overcolor": "#00c900ff", "name": "Goal 15"}, {"color": "#20c9fcff", "radius": 47.434164902525694, "id": 21, "overcolor": "#20c9fcff", "name": "Goal 14"}, {"color": "1ba03eff", "radius": 15.0, "id": 22, "overcolor": "1ba03eff", "name": "Goal 3"}, {"color": "#347321ff", "radius": 15.0, "id": 23, "overcolor": "#347321ff", "name": "Goal 13"}, {"color": "#e4a800ff", "radius": 21.213203435596427, "id": 24, "overcolor": "#e4a800ff", "name": "Goal 2"}], "links": [{"source_id": 12, "target_id": 9}, {"source_id": 12, "target_id": 10}, {"source_id": 12, "target_id": 2}, {"source_id": 12, "target_id": 3}, {"source_id": 12, "target_id": 5}, {"source_id": 12, "target_id": 6}, {"source_id": 13, "target_id": 4}, {"source_id": 13, "target_id": 9}, {"source_id": 14, "target_id": 2}, {"source_id": 14, "target_id": 5}, {"source_id": 14, "target_id": 6}, {"source_id": 14, "target_id": 11}, {"source_id": 14, "target_id": 3}, {"source_id": 14, "target_id": 4}, {"source_id": 15, "target_id": 5}, {"source_id": 15, "target_id": 6}, {"source_id": 15, "target_id": 3}, {"source_id": 15, "target_id": 4}, {"source_id": 16, "target_id": 4}, {"source_id": 16, "target_id": 9}, {"source_id": 17, "target_id": 9}, {"source_id": 17, "target_id": 10}, {"source_id": 18, "target_id": 5}, {"source_id": 18, "target_id": 6}, {"source_id": 19, "target_id": 9}, {"source_id": 19, "target_id": 10}, {"source_id": 19, "target_id": 11}, {"source_id": 20, "target_id": 9}, {"source_id": 20, "target_id": 10}, {"source_id": 21, "target_id": 1}, {"source_id": 21, "target_id": 9}, {"source_id": 22, "target_id": 4}, {"source_id": 22, "target_id": 9}, {"source_id": 22, "target_id": 10}, {"source_id": 23, "target_id": 2}, {"source_id": 23, "target_id": 3}, {"source_id": 23, "target_id": 5}, {"source_id": 23, "target_id": 6}, {"source_id": 24, "target_id": 5}, {"source_id": 24, "target_id": 6}]}