{"nodes": [{"color": "#ff9b00ff", "radius": 60, "id": 1, "overcolor": "#ff9b00ff", "name": "SDG_11"}, {"color": "#4b4b4bff", "radius": 30, "id": 2, "overcolor": "#666666ff", "name": "Urban analysis"}, {"color": "#4b4b4bff", "radius": 30, "id": 3, "overcolor": "#666666ff", "name": "Urban design"}, {"color": "#fc8720ff", "radius": 60, "id": 4, "overcolor": "#fc8720ff", "name": "SDG_9"}, {"color": "#4b4b4bff", "radius": 30, "id": 5, "overcolor": "#666666ff", "name": "Paradigm shift"}, {"color": "#4b4b4bff", "radius": 30, "id": 6, "overcolor": "#666666ff", "name": "Artificial intelligence"}, {"color": "#20c9fcff", "radius": 30, "id": 7, "overcolor": "#20c9fcff", "name": "SDG_6"}, {"color": "#4b4b4bff", "radius": 30, "id": 8, "overcolor": "#666666ff", "name": "Temporal scales"}], "links": [{"source_id": 1, "target_id": 2}, {"source_id": 1, "target_id": 3}, {"source_id": 4, "target_id": 5}, {"source_id": 4, "target_id": 6}, {"source_id": 7, "target_id": 8}]}